CollarID,Depth,Azimuth,Dip,
993857,0,0.000000,-90.000000,
993858,0,0.000000,-90.000000,
993859,0,0.000000,-90.000000,
993860,0,0.000000,-90.000000,
993861,0,0.000000,-90.000000,
1399612,0,0.000000,-90.000000,
1399613,0,0.000000,-90.000000,
1399614,0,0.000000,-90.000000,
1399615,0,0.000000,-90.000000,
